ticket_id,created_at,customer_name,plan,subject,body,category,priority,resolution,resolved_at,suspect_by_llm,suspect_category,suspect_priority,suspect_confidence,suspect_reason,llm_model
TK-0001,2024-06-01T23:54:35Z,Sapphire Data,Enterprise,HubSpot contact sync has data mapping errors,"Contacts synced from HubSpot are showing up with first and last names swapped. Also, the company field is mapping to the phone number field. This is messing up our CRM view. We've checked the field mapping in settings and it looks correct on our end.",integration,medium,The HubSpot API changed their field key format in their latest update (firstname → first_name). Our mapping was using the old keys. Updated the field mapping configuration and added a validation layer for HubSpot API schema changes. Triggered a resync to correct the swapped fields.,2024-06-02T14:55:13.135632Z,False,False,False,0.0,,claude-sonnet-4-6
TK-0005,2024-06-08T21:57:19Z,Palladium Ventures,Enterprise,Search results include deleted items,"When I search for contacts in the CRM module, I'm seeing contacts that were deleted weeks ago. They show up in search results but clicking on them gives a 404 error. This is confusing for our sales team who think these are active leads.",bug,low,The search index wasn't being updated on soft-delete operations. The Elasticsearch index still contained documents with deleted_at timestamps. Ran a reindex job and added a filter to exclude soft-deleted records. Search results now clean.,2024-06-10T04:32:12.184731Z,False,False,False,0.0,,claude-sonnet-4-6
TK-0007,2024-06-09T07:03:57Z,NovaTech Solutions,Starter,Dashboard takes 45+ seconds to load,"Our main dashboard has become extremely slow. It's taking over 45 seconds to load, sometimes timing out completely. This started about a week ago. We have a lot of data (50,000+ tasks, 200 users) but it was fine before. Is something wrong on your end?",performance,high,"Investigated and found the customer's dashboard had 12 widgets, several with unindexed custom field filters. Two issues: 1) A database query was doing a full table scan (added index on custom_field_values), 2) Widget data wasn't being cached. Added Redis caching for dashboard widget data (5-min TTL). Load time reduced from 45s to 3s.",2024-06-09T11:23:32.801366Z,False,False,False,0.0,,claude-sonnet-4-6
TK-0721,2025-02-24T04:59:34Z,Helix Biotech,Growth,Calculated fields returning #ERROR,"Custom calculated fields in our project tracker are all showing #ERROR instead of values. These are simple formulas like SUM and AVERAGE across numeric columns. They were working fine until this morning. Affects all projects, not just one.",bug,low,The formula evaluation engine was updated overnight and introduced a type coercion bug — numeric strings weren't being cast before arithmetic. Reverted the engine to the previous version and scheduled a proper fix. All calculated fields restored.,2025-02-25T21:11:56.662554Z,False,False,False,0.0,,claude-sonnet-4-6
TK-0702,2025-02-17T02:07:06Z,NovaTech Solutions,Growth,Transfer account ownership to new admin,Our previous IT admin (jordan.smith@NovaTech Solutions) has left the company. I'm the new admin and need full ownership transferred to me (alex.chen@NovaTech Solutions). Jordan's account should be deactivated. What documentation do you need for this?,account,critical,"Account ownership transfer requires: 1) Written request from a company officer (sent form), 2) Domain verification (confirmed alex.chen@ matches account domain). Transfer completed. Jordan's account deactivated. All API keys regenerated as a security precaution.",2025-02-18T17:54:13.358215Z,False,False,False,0.0,,claude-sonnet-4-6
TK-0259,2024-09-21T09:50:34Z,Cobalt Learning,Enterprise,Google Calendar integration showing duplicate events,Every meeting scheduled in Steadfast is creating two events in Google Calendar. It's been happening for about a week. Deleting one copy deletes both. Our team's calendars are a mess with all these duplicates. We have 50+ meetings a week so this is a significant problem.,integration,high,"Root cause: a retry mechanism in the Google Calendar connector was not checking for idempotency. When the first API call succeeded but timed out, the retry created a duplicate. Added idempotency key to event creation requests. Cleaned up existing duplicates via batch API. Fix deployed in connector v1.9.2.",2024-09-22T02:56:11.062143Z,False,False,False,0.0,,claude-sonnet-4-6
TK-0345,2024-10-18T09:44:30Z,Zenith Marketing,Starter,Best practices for setting up workflows,"We want to use Steadfast's workflow automation but need guidance on best practices. We have about 10 standard processes we want to automate — things like approval chains, task escalation, and notification rules. Where should I start? Any templates available?",onboarding,medium,"Sent our Workflow Best Practices guide (KB-1030). Recommended starting with their simplest process to learn the builder. Shared 5 workflow templates: approval chain, task escalation, SLA notification, onboarding sequence, and review cycle. Key tip: test workflows in their sandbox workspace first. Offered a workflow design session.",2024-10-19T14:10:58.855638Z,False,False,False,0.0,,claude-sonnet-4-6
TK-0597,2025-01-10T13:49:22Z,Polaris Navigation,Growth,Can't export reports to PDF anymore,"The PDF export feature on the reports page stopped working about a week ago. When I click 'Export to PDF' nothing happens — no download, no error message. I've tried Chrome and Firefox. Other export formats (CSV, XLSX) work fine. This was working before.",bug,high,Root cause: the PDF rendering service (wkhtmltopdf) was failing silently after a dependency update. Logs showed a missing font package. Reinstalled fonts and restarted the rendering service. PDF exports now working. Added health check for the PDF service.,2025-01-11T09:19:13.098390Z,False,False,False,0.0,,claude-sonnet-4-6
TK-0025,2024-06-17T20:11:29Z,Radiant Energy,Growth,Two-factor auth codes not being sent,Several of our users are not receiving their 2FA codes via SMS when trying to log in. We've verified the phone numbers are correct. This has been happening intermittently for the past 3 days. Some users are completely locked out.,bug,critical,SMS delivery issue traced to our Twilio integration — the sending number was flagged as spam by some carriers after a volume spike. Switched to a verified toll-free number and implemented retry logic with fallback to email-based 2FA. All affected users can now log in.,2024-06-19T07:38:40.440330Z,False,False,False,0.0,,claude-sonnet-4-6
TK-0027,2024-06-20T01:07:31Z,Aegis Compliance,Starter,How to import data from our old project management tool,"We're migrating from Asana to Steadfast. We have about 2,000 tasks across 15 projects that need to come over. Is there an import tool? We also need to preserve assignees, due dates, and custom fields if possible. What format does the import expect?",onboarding,high,"Shared our migration guide (KB-1015). Three options: 1) CSV import (manual but flexible), 2) Asana direct import tool (Settings > Import > Asana), 3) API-based migration for full fidelity. Recommended option 2 for their volume. Custom field mapping supported for up to 20 fields. Offered migration assistance session.",2024-06-21T21:00:49.167536Z,False,False,False,0.0,,claude-sonnet-4-6
TK-0030,2024-06-21T06:21:03Z,Delta Compliance,Growth,Dashboard charts not rendering on Firefox 125,"Since updating to Firefox 125, none of the dashboard charts are rendering. Just blank white spaces where the charts should be. Works fine on Chrome. We have about 30 users on Firefox who are affected. Is this a known compatibility issue?",bug,medium,The dashboard export feature was failing on Chrome due to a Content-Security-Policy header blocking the PDF renderer. Updated the CSP to allow the export service domain. Dashboard exports should work on Chrome now.,2024-06-22T13:50:42.248395Z,False,False,False,0.0,,claude-sonnet-4-6
TK-0267,2024-09-24T11:31:55Z,Beacon Analytics,Growth,Requesting audit log for admin actions,"For compliance purposes, we need a detailed audit log of all admin actions — user provisioning, permission changes, data exports, configuration changes. Currently there's no way to see who changed what and when. This is a requirement for our SOC 2 audit.",feature_request,critical,Feature request FR-2931. Audit logging is in development for Enterprise plan (target: end of Q2). Shared our current admin activity report (Settings > Admin > Activity) which covers user management actions but not all configuration changes. Recommended Enterprise upgrade for full audit trail when available.,2024-09-26T05:05:58.599861Z,False,False,False,0.0,,claude-sonnet-4-6
TK-0034,2024-06-22T06:36:17Z,Thunderbolt Media,Starter,Salesforce sync stopped working after update,Our Salesforce integration hasn't synced any data since last Tuesday. We updated Salesforce to their Spring '25 release the day before. No errors showing in the integration dashboard but the last sync timestamp is stuck on March 4. We depend on this for our sales pipeline visibility.,integration,critical,Salesforce Spring '25 changed their OAuth token refresh flow. Our integration was using a deprecated endpoint. Updated the Salesforce connector to use the new token endpoint. Triggered a full resync. All records caught up within 2 hours. Added monitoring alert for sync staleness.,2024-06-22T08:57:29.981425Z,False,False,False,0.0,,claude-sonnet-4-6
TK-0036,2024-06-29T06:48:29Z,Mosaic Creative,Enterprise,Can't drag and drop tasks in board view,"The kanban board view doesn't allow drag and drop anymore. When I try to move a task to a different column, it snaps back to its original position. This works in list view (I can change status there) but the board interaction is broken. Really frustrating.",bug,high,A CSS z-index conflict with the new toolbar overlay was blocking pointer events on the drag layer. Fixed the stacking context. Also found and fixed a race condition where the optimistic UI update was being overwritten by a stale WebSocket message. Fix in v3.14.3.,2024-06-30T05:45:25.917484Z,False,False,False,0.0,,claude-sonnet-4-6
TK-0229,2024-09-10T19:31:17Z,Velvet Commerce,Growth,Need to enable IP allowlisting for our account,"Our security team requires that we restrict access to Steadfast from specific IP ranges only. We need to allowlist our office IPs and VPN ranges. Is this possible? If so, how do we configure it? This is a requirement for our security compliance.",security,high,"IP allowlisting is available on Enterprise plan. Settings: Admin > Security > IP Allowlist. Added customer's IP ranges: 203.0.113.0/24 (office), 198.51.100.0/24 (VPN). Note: ensure VPN IPs are included to avoid lockouts. Sent our IP restriction best practices doc (KB-2001).",2024-09-12T00:24:40.151178Z,False,False,False,0.0,,claude-sonnet-4-6
TK-0048,2024-06-30T23:13:50Z,Keystone Education,Enterprise,How to set up project templates,"We run similar projects repeatedly and want to create templates so we don't have to set up tasks, milestones, and team assignments from scratch each time. How do I create and use project templates?",account,critical,"Walked through project template creation: Projects > Templates > Create Template. Can save: task structure, assignments (as role-based), custom fields, milestones, and workflow automations. Shared our Template Library (12 pre-built templates). Helped create 2 custom templates for their recurring project types.",2024-07-01T14:50:13.172034Z,True,False,True,0.97,A how-to question about setting up project templates is a routine informational request and clearly not critical priority.,claude-sonnet-4-6
TK-0050,2024-07-01T16:02:18Z,Whitecap Marine,Enterprise,Looking for training materials for our end users,"We're rolling out Steadfast to 200 users next month and want to prepare training materials. Do you have any training videos, guides, or a certification program? We'd also like to set up a sandbox environment for people to practice in before going live.",onboarding,low,"Shared resources: 1) Steadfast Academy (academy.steadfast.io) — free self-paced courses, 2) Video library (15 how-to videos), 3) Quick-start PDF guide for end users. Sandbox: enabled a training workspace on their account (Settings > Sandbox > Enable). Valid for 30 days with sample data. Also offered a custom training webinar for their team.",2024-07-02T22:04:29.839909Z,False,False,False,0.0,,claude-sonnet-4-6
TK-0052,2024-07-02T19:25:17Z,Tidewater Shipping,Enterprise,Date picker showing wrong month on first click,"When I click on any date picker field, it opens to January 2020 instead of the current month. I have to manually scroll forward to get to the right month. This happens everywhere — task due dates, filter date ranges, report parameters. Minor but really annoying.",bug,medium,The date picker library (react-datepicker) initialization was using a stale default. Updated the defaultDate prop to use Date.now(). Verified across all 14 date picker instances in the app. Shipped in v3.14.1.,2024-07-03T19:03:19.812077Z,False,False,False,0.0,,claude-sonnet-4-6
TK-0509,2024-12-09T18:30:18Z,Dawnbreak Studios,Enterprise,Request to merge two duplicate accounts,We somehow ended up with two separate Steadfast accounts — one from when our marketing team signed up independently and one from our IT-managed deployment. Can these be merged? We want to consolidate under the IT-managed account and migrate the marketing team's projects.,account,medium,"Account merge is a manual process. Initiated merge request (MERGE-0891). Plan: export marketing account projects, import into IT account, redirect SSO. Timeline: 3-5 business days. Sent pre-merge checklist for customer to verify data before migration.",2024-12-10T16:38:30.867807Z,False,False,False,0.0,,claude-sonnet-4-6
TK-0061,2024-07-06T14:49:56Z,Nexbridge Consulting,Starter,Can't reset password — reset link not working,"I requested a password reset but when I click the link in the email, it says 'This link has expired.' I've tried three times and each time the link expires immediately. I need to get into my account urgently. I've verified the link URL looks correct.",account,high,The user was unable to update their email address because the email change confirmation was being sent to the old email which was no longer accessible. Verified identity through alternative means and manually updated the email address. User can now manage their account with the new email.,2024-07-08T12:22:02.036355Z,False,False,False,0.0,,claude-sonnet-4-6
TK-0065,2024-07-07T03:19:12Z,Ironclad Security,Growth,API rate limit too low for our use case,We're hitting the 100 requests/minute API rate limit constantly. Our integration syncs data bidirectionally and needs at least 500 req/min during peak hours. We've already optimized our batching. Can the limit be raised or can we get a higher-tier API plan?,feature_request,high,Reviewed usage patterns. Increased rate limit to 300 req/min for their account (max for Growth plan). Recommended Enterprise plan for 1000 req/min limit. Also identified 3 API calls in their integration that could be replaced with a single batch endpoint to reduce volume by ~60%.,2024-07-07T18:51:17.412267Z,False,False,False,0.0,,claude-sonnet-4-6
TK-0493,2024-12-02T21:30:33Z,Summit Advisory,Growth,Request for Gantt chart view,We use Steadfast for project management but really need a Gantt chart view to visualize project timelines and dependencies. Currently we export to MS Project for this which is clunky. Having it native in Steadfast would streamline our workflow significantly.,feature_request,low,"Feature request FR-2923. Gantt view has been our #2 most requested feature. Currently in development, expected beta in Q2. Added to the notification list. Shared a third-party Gantt integration (ChartGantt) that works with our API as a stopgap.",2024-12-04T05:13:14.520197Z,False,False,False,0.0,,claude-sonnet-4-6
TK-0128,2024-07-27T04:35:22Z,Summit Advisory,Growth,Report generation taking over 5 minutes,Running our monthly analytics report used to take about 30 seconds. Now it's taking over 5 minutes and sometimes fails with a timeout. The report covers all projects for the past month. We need this for our monthly executive review and it's becoming unreliable.,performance,medium,Report query was joining across 6 tables without proper indexing on the date range filters. Added composite indexes for the most common report queries. Also implemented report result caching — recurring reports with the same parameters serve from cache. Report generation time back to ~30s. Added a progress indicator for long-running reports.,2024-07-29T04:00:56.521603Z,False,False,False,0.0,,claude-sonnet-4-6
TK-0077,2024-07-11T14:56:29Z,Aurora Creative,Growth,Need to add 15 new team members,"We're onboarding a new department and need to add 15 users to our account. Can you walk me through the bulk user creation process? Also, what permission groups should I set up? We want them to have access to projects but not billing or admin settings.",account,medium,Walked through bulk user invite process (Settings > Team > Bulk Invite via CSV). Recommended creating a 'Department-Standard' permission group with project access but restricted billing/admin. Sent our permission group template guide. All 15 users successfully invited.,2024-07-13T08:23:49.600433Z,False,False,False,0.0,,claude-sonnet-4-6
TK-0098,2024-07-13T16:35:16Z,Radiant Energy,Growth,Mobile app extremely sluggish on Android,"The Steadfast Android app has become nearly unusable in the last few updates. Scrolling through task lists is choppy, transitions are laggy, and the app crashes when opening large projects (100+ tasks). We have Pixel 7 phones (plenty of RAM). iOS version works fine.",performance,high,Identified a memory leak in the Android list virtualization component introduced in v2.14.0. The task list was rendering all items instead of virtualizing the viewport. Fix deployed in v2.14.2: proper RecyclerView implementation with view recycling. Also reduced the initial data fetch size for large projects. Memory usage down 60%.,2024-07-15T00:59:47.145614Z,False,False,False,0.0,,claude-sonnet-4-6
TK-0083,2024-07-12T09:27:56Z,Primewave Telecom,Enterprise,Dashboard shows wrong numbers since yesterday,Our analytics dashboard has been showing completely wrong numbers since yesterday morning. Revenue figures are about 3x what they should be. Multiple team members are seeing the same thing. We rely on this for daily standups. This is really disruptive.,bug,high,Identified a data aggregation bug introduced in v3.14.2 (deployed March 10). The revenue rollup was double-counting transactions with multiple line items. Hotfix deployed in v3.14.3. Dashboard numbers now correct. Verified with customer.,2024-07-13T23:16:22.419361Z,False,False,False,0.0,,claude-sonnet-4-6
TK-0605,2025-01-13T05:22:57Z,Luminos AI,Growth,Incorrect charge on our last invoice,"Hi team, we noticed an extra charge of $450 on our March invoice (INV-2024-3391). We're on the Growth plan and this amount doesn't match our expected billing. Can you look into this? Our finance team needs this resolved before end of quarter. Thanks, Luminos AI.",billing,high,Reviewed invoice INV-2024-3391. Found a proration charge from mid-cycle seat addition on Feb 14. Sent updated breakdown to customer. No credit needed — charge is correct but poorly labeled. Updated invoice description for clarity.,2025-01-14T08:47:55.156021Z,False,False,False,0.0,,claude-sonnet-4-6
TK-0256,2024-09-20T22:23:04Z,Meridian SaaS Group,Growth,Account locked after too many login attempts,My account got locked after entering the wrong password too many times (I recently changed it). I can't access the password reset because my email on file is my old work email. I need to get back in ASAP — I have a client presentation in 2 hours.,account,high,Identity verified via security questions and account ownership confirmation (matching company domain + role). Unlocked account and sent password reset to verified alternate email. Updated primary email on file. Recommended enabling SSO to avoid future lockouts.,2024-09-22T06:51:47.833726Z,False,False,False,0.0,,claude-sonnet-4-6
TK-0094,2024-07-13T01:51:31Z,Delta Compliance,Enterprise,Suspicious login attempts on admin account,We're seeing failed login attempts on our admin account from unfamiliar IP addresses. The attempts are happening at odd hours (2-4 AM our time) from IPs in countries where we don't operate. Want to make sure our account hasn't been compromised and understand what protections are in place.,security,critical,"Reviewed login audit log. Found 23 failed attempts from 5 IPs over the past week — all blocked by rate limiting. No successful unauthorized logins. Recommended: 1) Enable 2FA on all admin accounts immediately, 2) Enable IP allowlisting, 3) Rotate admin password. Added the suspicious IPs to our global blocklist. Escalated to security team for monitoring.",2024-07-14T10:54:03.933570Z,False,False,False,0.0,,claude-sonnet-4-6
TK-0099,2024-07-15T10:11:12Z,Granite Construction Co.,Starter,Email notifications arriving with wrong timestamps,All our email notifications from Steadfast show timestamps that are 5 hours ahead. We're in EST but the emails show times in what looks like UTC. This started happening about two weeks ago. Our team is getting confused about when events actually occurred.,bug,medium,Bug in notification service: timezone was hardcoded to UTC after a refactor in v3.12.0 instead of reading from the account's timezone setting. Fix deployed in v3.14.1. Notifications now respect account timezone. Existing queued notifications flushed and regenerated.,2024-07-16T14:07:45.362768Z,False,False,False,0.0,,claude-sonnet-4-6
TK-0558,2024-12-30T18:32:12Z,Zenith Marketing,Enterprise,Pagination broken on team member list,Our organization has 340 team members. The team management page only shows the first 50 and the 'Next' button doesn't work — it refreshes the same page. I can't access members beyond page 1. This makes user management impossible for us.,bug,medium,Pagination offset was being reset to 0 on each navigation due to a state management bug in the React component. Fixed the useEffect dependency array. Also increased default page size to 100. Deployed in v3.14.2.,2024-12-31T17:02:55.294160Z,False,False,False,0.0,,claude-sonnet-4-6
TK-0110,2024-07-19T10:04:51Z,Whitecap Marine,Growth,Search returning stale results — showing old data,"When I search for tasks, the results show task titles and descriptions from days ago, not the current values. For example, I renamed a task yesterday but the old name shows in search. If I click through, the task shows the correct current name. It's like the search index is outdated.",bug,medium,"The search indexing service was failing to process new documents due to an Elasticsearch cluster disk space issue. Freed up disk space, restarted the indexing service, and queued a full reindex. New content should be searchable immediately. Added disk space monitoring.",2024-07-20T01:11:37.435128Z,False,False,False,0.0,,claude-sonnet-4-6
TK-0245,2024-09-17T15:22:01Z,Foxglove Logistics,Enterprise,API response times have doubled in the last week,Our API integration is experiencing significant latency increases. Average response time went from ~200ms to ~500ms across all endpoints. This is impacting our real-time sync. We haven't changed anything on our end. Is there a platform-wide performance issue?,performance,high,Correlated with a database migration that was running during off-peak hours but bleeding into business hours. The migration was rebalancing table partitions. Paused the migration during business hours (9 AM - 6 PM ET) and scheduled completion for weekend. API latency back to normal (~200ms). Will monitor during next maintenance window.,2024-09-17T18:52:18.817103Z,False,False,False,0.0,,claude-sonnet-4-6
TK-0115,2024-07-21T12:45:50Z,Ironpeak Systems,Starter,Webhook payloads missing customer_id field,"Since your last update, the webhook payloads for 'invoice.paid' events no longer include the customer_id field. Our integration relies on this field to match payments to our internal records. This is breaking our automated reconciliation process.",bug,high,Confirmed regression introduced in API v2.8.0. The customer_id field was inadvertently removed during a payload schema migration. Restored the field and added it to the API contract tests. Patch released in v2.8.1. Backfilled missed webhooks for the last 48 hours.,2024-07-22T16:21:24.993818Z,False,False,False,0.0,,claude-sonnet-4-6
TK-0158,2024-08-08T18:14:51Z,Polaris Navigation,Starter,Tax exemption certificate not being applied,We submitted our tax exemption certificate three months ago but our invoices still show sales tax. We're a registered nonprofit and shouldn't be charged tax. This has been an ongoing issue. Can you escalate this?,billing,low,Found the tax exemption certificate was uploaded but not linked to the billing profile due to a mismatch in EIN. Corrected the linking. Applied retroactive tax credits for the last 3 invoices totaling $847.22. Future invoices will reflect exempt status.,2024-08-10T12:47:33.523492Z,False,False,False,0.0,,claude-sonnet-4-6
TK-0120,2024-07-24T00:20:59Z,Aurora Creative,Growth,Zapier trigger not firing for new tasks,We have a Zapier automation that should trigger when a new task is created in Steadfast. It worked initially but stopped firing about a month ago. Our Zap history shows no triggers. The Zap is turned on and connected. Other Zaps (not connected to Steadfast) work fine.,integration,high,The webhook subscription for their Zap had expired (30-day TTL on unauthenticated webhooks). Resubscribed the webhook and recommended they use our authenticated webhook option (requires API key in header) which doesn't expire. Also filed ENG-4488 to extend unauthenticated webhook TTL.,2024-07-25T18:05:41.860341Z,False,False,False,0.0,,claude-sonnet-4-6
TK-0352,2024-10-20T07:46:29Z,Horizon Tech,Growth,Bulk operations timing out,"Trying to do bulk updates on 500+ tasks (changing status, assigning to team) and the operation times out every time. The loading spinner goes for about 2 minutes then I get a gateway timeout error. Doing them one by one would take hours. Need this fixed urgently.",performance,high,"Bulk operations over 200 items were hitting the 120s timeout on the API gateway. Two fixes: 1) Changed bulk operations to async processing (job queue) with progress tracking, 2) Increased batch size per API call from 50 to 200. Customer can now bulk-update 500 tasks in ~15s. Job status visible in Settings > Background Jobs.",2024-10-21T02:55:33.288236Z,False,False,False,0.0,,claude-sonnet-4-6
TK-0132,2024-07-28T08:34:08Z,Vanguard Financial,Growth,Confused about workspace vs project structure,"I'm trying to organize our company in Steadfast but I'm confused about the hierarchy. What's the difference between a workspace, a space, and a project? We have 4 departments each with multiple teams. How should I structure this? Don't want to set it up wrong and have to redo everything.",onboarding,high,"Explained the hierarchy: Workspace (company-level) > Spaces (departments) > Projects (team/initiative-level). For their setup: 4 spaces for departments, projects within each for ongoing initiatives. Sent our 'Workspace Architecture Guide' (KB-1008). Recommended starting with one department as a pilot.",2024-07-28T21:26:14.121386Z,False,False,False,0.0,,claude-sonnet-4-6
TK-0133,2024-07-29T09:34:51Z,Nimbus Health,Starter,Locked out after too many password attempts,I tried logging in this morning and after 5 attempts my account got locked. I think I was using my old password. The lockout message says to contact support to unlock. Can you please unlock my account? My email is patricia.wu@company.com. I have meetings in an hour that I need to prepare for.,security,medium,Verified identity via security questions and account email ownership. Account unlocked. Sent password reset link to verified email. Recommended enabling SSO or using a password manager to prevent future lockouts. Account lockout policy: 5 failed attempts = 30 min lockout or admin unlock.,2024-07-30T02:54:55.753172Z,True,True,False,0.9,"An account lockout due to forgotten password is an account access issue, not a security category ticket; it requires no security investigation.",claude-sonnet-4-6
TK-0751,2025-03-06T23:28:09Z,ClearEdge Financial,Enterprise,Automated reports sending to wrong recipients,Our scheduled weekly report that should go to the management team (distribution list: mgmt@ClearEdge Financial) is being sent to individual contributors instead. We noticed this started after we updated our team structure last week. Some sensitive data may have been exposed to the wrong people.,bug,medium,The report distribution logic was caching the recipient list and not invalidating on team structure changes. Cleared the cache and added cache-busting on team membership updates. Verified correct recipients for next scheduled send. Recommended customer review who received the misrouted reports.,2025-03-08T09:30:05.263881Z,False,False,False,0.0,,claude-sonnet-4-6
TK-0329,2024-10-13T00:47:17Z,Horizon Tech,Starter,REST API returning 429 errors during peak hours,We're getting 429 (Too Many Requests) errors from your API between 9-11 AM when our team is most active. We're making about 200 requests per minute across our integration services. The rate limit headers show a 100/min limit. This is blocking our automated workflows.,integration,medium,Current rate limit for Growth plan is 100 req/min. Analyzed their usage pattern and found redundant polling that could be replaced with webhooks. Helped restructure to use webhooks for real-time events and reduce API polling to 40 req/min. Also applied a temporary rate limit bump to 200/min while they implement changes.,2024-10-13T18:04:49.056666Z,False,False,False,0.0,,claude-sonnet-4-6
TK-0288,2024-09-28T23:56:45Z,Skyward Freight,Starter,Question about enterprise pricing tiers,We're evaluating whether to upgrade from Growth to Enterprise. Can you send over the current Enterprise pricing structure? Specifically interested in volume discounts for 500+ seats and what's included in the Enterprise SLA. Thanks!,billing,medium,"Sent Enterprise pricing sheet (v2024-Q4). Key points: $38/seat/month at 500+ seats, 99.95% SLA, dedicated CSM, priority support queue. Looped in sales (Sarah K.) for a deeper pricing conversation.",2024-09-30T20:20:11.613483Z,False,False,False,0.0,,claude-sonnet-4-6
TK-0145,2024-07-31T08:52:46Z,Atlas Engineering,Enterprise,Need to update payment method,Our corporate card on file is expiring next month. I need to switch to a new card but the billing settings page keeps timing out when I try to save. I've tried three different browsers. Can someone help me update this before our next billing cycle?,billing,high,Confirmed the payment update form has a known issue with cards requiring 3DS verification. Walked customer through the alternative update flow via Settings > Billing > Manual Update. Card updated successfully.,2024-07-31T23:24:26.863959Z,False,False,False,0.0,,claude-sonnet-4-6
TK-0149,2024-08-02T06:13:09Z,Pinnacle Health,Enterprise,CSV import timing out with large files,"Trying to import a CSV file with 50,000 rows (about 15MB) and it times out every time after about 3 minutes. We need to do this import for our data migration. Smaller files (under 1,000 rows) import fine. Is there a file size or row limit we're hitting?",integration,high,The CSV export was failing due to a formatting issue with special characters in the data. Updated the export service to properly escape special characters and handle UTF-8 encoding. CSV exports should now download correctly with proper formatting.,2024-08-02T20:46:03.239212Z,False,False,False,0.0,,claude-sonnet-4-6
TK-0152,2024-08-02T22:29:29Z,Horizon Tech,Growth,Getting rate limited on /v2/reports endpoint,We're hitting 429 errors specifically on the /v2/reports endpoint when generating our daily analytics reports. Other endpoints are fine. We're only making about 10 requests per minute to this endpoint. The error started yesterday.,performance,high,The rate limit on /v1/exports was temporarily reduced during a backend migration. We've restored the original limits and your export requests should go through without hitting 429 errors. Let us know if the issue persists.,2024-08-04T14:04:06.189275Z,True,False,True,0.92,"The resolution references fixing limits on '/v1/exports' but the ticket reports 429 errors on '/v2/reports', suggesting a mismatch in the resolution, but more clearly the priority is high while the issue (rate limiting on one endpoint, only 10 req/min) is more consistent with medium priority given no data loss or outage.",claude-sonnet-4-6
TK-0324,2024-10-10T15:04:17Z,Mosaic Creative,Growth,Question about data retention after downgrade,"We're considering downgrading from Enterprise to Growth. What happens to our data? Specifically: archived projects, custom fields, and integration configurations. Will we lose anything? Need to understand the full impact before making a decision.",account,low,"Detailed the downgrade impact: archived projects remain accessible (read-only for those exceeding Growth limits), custom fields preserved but limited to 20 (currently using 34), integrations limited to 5 active (currently 12). Sent full comparison doc. Recommended exporting before downgrade as a safety measure.",2024-10-12T07:07:57.623624Z,False,False,False,0.0,,claude-sonnet-4-6
TK-0157,2024-08-08T09:42:55Z,Thunderbolt Media,Growth,Custom dashboard widgets,"The default dashboard layout doesn't quite fit our workflow. We'd love to be able to create custom widgets — like a KPI tracker that pulls specific metrics, or a team workload heatmap. Configurable dashboards would be a huge value-add for us.",feature_request,low,"Feature request FR-2917. Custom dashboards are in active development (alpha internally). Added to early access list. In the meantime, suggested using the embedded analytics iframe option with their BI tool.",2024-08-09T21:28:11.502345Z,False,False,False,0.0,,claude-sonnet-4-6
TK-0316,2024-10-08T00:11:34Z,Velvet Commerce,Starter,Cancellation and final billing inquiry,We've decided to move to a different platform. Please process our cancellation effective end of this billing cycle. Also need confirmation of what our final invoice will look like — we don't want any surprise charges after cancellation.,billing,high,Processed cancellation request. Account set to downgrade at cycle end (2025-04-01). Final invoice will include usage through March 31 only. No early termination fee on monthly plan. Sent confirmation email with detailed final invoice preview.,2024-10-09T14:10:57.203762Z,False,False,False,0.0,,claude-sonnet-4-6
TK-0163,2024-08-10T00:10:19Z,Thunderbolt Media,Enterprise,Can we get a walkthrough of the reporting features?,Our team wants to better understand the reporting capabilities in Steadfast. We're not using reports much right now but our management wants regular project status updates. Can someone give us a tour of what's available?,account,high,"Scheduled a 30-minute reporting walkthrough. Covered: built-in report templates, custom report builder, scheduled report delivery, and dashboard widgets. Shared our Reporting Best Practices guide (KB-1060). Customer set up 3 recurring reports.",2024-08-11T21:55:32.638332Z,True,False,True,0.95,"A request for a product walkthrough of reporting features is a low-urgency how-to question, not a high-priority issue.",claude-sonnet-4-6
TK-0166,2024-08-10T11:36:05Z,Nimbus Health,Growth,Setting up SSO for our organization,We'd like to enable SSO using our company's Azure AD. I've read the docs but I'm getting stuck on the SAML configuration — specifically the assertion consumer service URL and the entity ID. Can someone help me get this configured?,account,critical,"Scheduled a 30-minute screen share to walk through SSO setup. Key settings: ACS URL is https://app.steadfast.io/auth/saml/callback, Entity ID is https://app.steadfast.io/saml/metadata. Helped configure attribute mappings (email, firstName, lastName, department). SSO working after the call. Sent config doc for reference.",2024-08-12T11:27:39.170649Z,False,False,False,0.0,,claude-sonnet-4-6
TK-0380,2024-10-26T15:47:24Z,Sterling Manufacturing,Growth,Discount code not applying at checkout,"Trying to apply the promo code GROW2024 that your sales rep gave us, but it says 'invalid code' at checkout. We were promised 20% off the first year. Can you apply this manually? We want to complete our upgrade today.",billing,low,"Code GROW2024 expired on 2024-12-31. Contacted sales rep (James M.) who confirmed the offer should be honored. Created new code GROW2024-EXT with same terms, valid through 2025-03-31. Customer applied successfully.",2024-10-27T18:17:19.636807Z,False,False,False,0.0,,claude-sonnet-4-6
TK-0175,2024-08-14T13:37:06Z,Dawnbreak Studios,Enterprise,Where to find keyboard shortcuts documentation,Is there a list of keyboard shortcuts for Steadfast? I'd like to work faster without using the mouse so much. I found a couple shortcuts by accident (Ctrl+K for search) but want to know all of them.,account,high,"Shared keyboard shortcut reference (available in-app via ? key). Full list also at docs.steadfast.io/shortcuts. Key shortcuts: Ctrl+K (search), Ctrl+N (new task), Ctrl+Shift+L (list view), Ctrl+Shift+B (board view). Also mentioned the command palette feature.",2024-08-15T02:02:21.528506Z,True,False,True,0.97,"A simple question about where to find keyboard shortcuts documentation is clearly low priority, not high.",claude-sonnet-4-6
TK-0178,2024-08-14T19:00:56Z,Tidewater Shipping,Starter,Would love a dark mode option,We have several developers on our team who work late hours and the bright white interface is tough on the eyes. Is there any plan to add a dark mode? Even a simple theme toggle would be great. Several of our team members have asked about this.,feature_request,low,Logged as feature request FR-2891. Dark mode is on the Q3 roadmap (currently in design phase). Added customer to the beta notification list. Shared the public roadmap link for tracking.,2024-08-15T11:31:50.739527Z,False,False,False,0.0,,claude-sonnet-4-6
TK-0179,2024-08-15T15:32:11Z,NovaTech Solutions,Enterprise,SSO authentication issues this week,We've been experiencing intermittent SSO login failures since Monday. About 30% of login attempts fail with a redirect loop. Our Okta configuration hasn't changed. Clearing cookies helps temporarily but the issue returns. Affecting all our teams.,integration,high,Traced to a session cookie conflict between the SSO redirect and the app session handler. Updated the cookie domain scope and added a cache-busting parameter to the SSO callback URL. Login success rate back to 99.9%.,2024-08-16T12:37:17.927604Z,False,False,False,0.0,,claude-sonnet-4-6
TK-0181,2024-08-16T12:30:01Z,Horizon Tech,Enterprise,Double-charged for last two months,"We've been double-charged for both January and February. Our bank shows two identical withdrawals of $2,340 each month. This is urgent — it's affecting our cash flow. Please investigate and process refunds immediately.",billing,high,"Investigated with payment processor. Root cause: duplicate webhook from Stripe during a retry window. Two refunds of $2,340 processed (REF-9912, REF-9913). Added idempotency check to prevent recurrence. ENG-4502 filed.",2024-08-17T07:15:16.075727Z,False,False,False,0.0,,claude-sonnet-4-6
TK-0534,2024-12-27T02:44:10Z,Frostbyte Gaming,Growth,Requesting a copy of our annual contract,"Hi, I'm the new finance director at Frostbyte Gaming. I need a copy of our current annual contract for an internal audit. Could you send over the signed agreement and any amendments? We also need confirmation of our current per-seat pricing.",billing,low,"Sent signed contract (executed 2024-01-15) and Amendment #1 (2024-06-01) via secure link. Confirmed current pricing: $45/seat/month on Growth annual plan, 120 seats.",2024-12-28T12:19:53.543529Z,False,False,False,0.0,,claude-sonnet-4-6
TK-0440,2024-11-12T18:50:45Z,Apex Retail Group,Enterprise,Team members can't see shared projects after joining,I've invited several new team members but they're saying they can't see any of the shared projects. I've added them to the team but projects aren't showing up. What am I missing? Do I need to add them to each project individually?,onboarding,medium,Newly invited members need to be added to the appropriate permission group that has project access. Default 'Member' role has no project access. Steps: Settings > Teams > Select team > Add to permission group with project visibility. Also recommended setting up auto-assignment rules so new members inherit the right access. Sent KB-1022.,2024-11-14T04:36:00.917663Z,False,False,False,0.0,,claude-sonnet-4-6
TK-0358,2024-10-22T06:21:08Z,Evergreen SaaS,Starter,File upload silently fails for files over 10MB,"Trying to upload customer contracts (PDF, typically 15-25MB) and the upload appears to complete but the file never shows up in the document list. No error message. Smaller files under 10MB upload fine. We've tried multiple file types. Evergreen SaaS needs this for our document management workflow.",bug,high,The upload proxy had a 10MB body limit that wasn't surfaced to the UI. Increased limit to 50MB and added proper error messaging for files exceeding the limit. Also added a progress indicator for large uploads. Config: nginx client_max_body_size updated.,2024-10-22T16:04:13.882142Z,False,False,False,0.0,,claude-sonnet-4-6
TK-0264,2024-09-23T14:37:43Z,Zenith Marketing,Growth,Data encryption at rest question,"For our SOC 2 compliance audit, we need documentation of how Steadfast encrypts data at rest. Specifically: encryption algorithm, key management process, and whether we can bring our own encryption keys (BYOK). Our auditors need this within 2 weeks.",security,low,"Sent our Security Whitepaper (v2024-Q4) which covers: AES-256 encryption at rest, AWS KMS for key management with automatic key rotation, envelope encryption for database fields. BYOK is available on Enterprise plan (requires setup call). Also sent our SOC 2 Type II report and CAIQ. Offered a call with our security team for auditor questions.",2024-09-24T07:39:27.687218Z,False,False,False,0.0,,claude-sonnet-4-6
TK-0211,2024-08-31T16:43:45Z,ClearEdge Financial,Growth,Search is unusably slow with large datasets,"Global search across our workspace takes 15-20 seconds to return results. We have about 100,000 records. The search used to be instant when we had fewer records. At this point it's faster to manually browse than to search. Is there a way to speed this up?",performance,medium,The search index for the customer's workspace hadn't been rebalanced after a data migration. Triggered a search index rebuild (Elasticsearch reindex). Also enabled the search query cache for their workspace. Search time reduced to ~1s for most queries. Recommended using search filters to narrow scope for even faster results.,2024-09-02T10:04:47.552011Z,False,False,False,0.0,,claude-sonnet-4-6
TK-0226,2024-09-07T15:14:25Z,ClearEdge Financial,Starter,First time setting up — need guidance,"Hi, we just signed up for Steadfast last week and I'm the admin responsible for getting everything set up. Feeling a bit overwhelmed. We have about 80 users to onboard. Where should I start? Is there a recommended setup sequence?",onboarding,medium,"Sent our Admin Onboarding Checklist (KB-1001). Recommended sequence: 1) Configure workspace settings, 2) Set up permission groups, 3) Create project templates, 4) Invite pilot group (5-10 users), 5) Run pilot for 1 week, 6) Full rollout. Offered a free onboarding call with our CS team. Scheduled for Thursday.",2024-09-08T14:22:49.874664Z,False,False,False,0.0,,claude-sonnet-4-6
TK-0231,2024-09-13T13:04:47Z,Meridian SaaS Group,Enterprise,CSV export has wrong data in some columns,"When we export our project data to CSV, some columns have incorrect data. Specifically, the 'assignee' column shows user IDs instead of names, and the 'status' column is blank for about 20% of rows. The data looks correct in the app. Export format seems broken.",bug,high,Two issues found: 1) The CSV serializer was using raw field values instead of display values for lookup fields (assignee). Fixed the serializer to resolve foreign keys. 2) Status was blank for tasks using custom statuses (not mapped in the export template). Added custom status mapping. Both fixed in v3.14.2.,2024-09-13T21:24:33.491727Z,False,False,False,0.0,,claude-sonnet-4-6
TK-0325,2024-10-10T20:29:35Z,Tidewater Shipping,Starter,Need to set up role-based access control,"We're restructuring our Steadfast permissions and need to implement proper RBAC. We have 5 distinct roles: Admin, Manager, Team Lead, Contributor, and Viewer. Each should have different access levels to projects, reports, and settings. How do I set this up?",security,high,"Walked through RBAC setup: Admin > Permissions > Custom Roles. Created 5 role definitions with specific permission sets. Key permissions configured: project CRUD, report access, settings management, user management, billing access. Sent our RBAC configuration template. Recommended quarterly reviews of role assignments.",2024-10-11T08:41:07.332953Z,False,False,False,0.0,,claude-sonnet-4-6
TK-0248,2024-09-18T10:18:10Z,Sapphire Data,Enterprise,Can we get a breakdown of our usage statistics?,"For our quarterly vendor review, we need detailed usage statistics for our Steadfast account: active users, tasks created, projects active, storage used, API call volume. Is there a dashboard or report for this?",account,high,"Generated a custom usage report from Admin > Analytics > Account Usage. Included: 487 active users (of 500 seats), 12,340 tasks created this quarter, 89 active projects, 45GB storage used, 1.2M API calls. Exported as PDF and CSV. Set up quarterly auto-report delivery to their admin email.",2024-09-20T00:05:47.340569Z,False,False,False,0.0,,claude-sonnet-4-6
TK-0284,2024-09-28T01:37:25Z,Radiant Energy,Growth,General question about feature availability,Quick question — is the time tracking feature available on our plan? We'd like to start using it for our team's project work but I'm not sure if it's included or if we need to upgrade.,account,low,Time tracking is available on Growth and Enterprise plans. Customer is on Growth — directed to Settings > Features > Time Tracking to enable. Sent KB-1090 time tracking guide.,2024-09-25T01:37:25Z,False,False,False,0.0,,claude-sonnet-4-6
TK-0290,2024-09-29T11:34:09Z,Summit Advisory,Starter,Where can I find the API documentation?,"Hi, we're new to Steadfast and our developers want to start building integrations. Where can I find the API documentation? I've looked through the help center but can't find comprehensive API docs. We need to understand the endpoints, authentication, and rate limits before we start building.",integration,low,"API documentation is at docs.steadfast.io/api. Shared direct links to: Authentication guide, REST API reference, Webhook documentation, Rate limiting details, and SDKs (Python, Node.js, Ruby). Also shared our Getting Started with the API tutorial (KB-1050) and invited them to our developer Slack community.",2024-10-01T10:04:59.541674Z,False,False,False,0.0,,claude-sonnet-4-6
TK-0292,2024-09-30T08:55:50Z,Nexbridge Consulting,Growth,User permissions audit for compliance review,"We need to conduct a quarterly permissions audit. Is there a way to export a report showing all users, their roles, and what they have access to? We need this for both our internal audit and our upcoming ISO 27001 certification.",security,medium,"Admin > Reports > User Access Report generates the needed export. Includes: username, role, permission groups, project access, last login date. Export as CSV or PDF. For ISO 27001, also sent our access control documentation (KB-2015) and offered to provide our ISO 27001 certification letter (we're certified through 2025-09).",2024-10-01T17:31:31.862123Z,False,False,False,0.0,,claude-sonnet-4-6
TK-0294,2024-10-03T23:10:56Z,ClearEdge Financial,Enterprise,AWS S3 backup integration failing silently,We configured the S3 backup integration last month but just realized no backups have actually been created. The integration status shows 'active' but the S3 bucket is empty. We need reliable backups for compliance. Can you investigate?,integration,medium,The S3 integration was failing on the PutObject call due to a bucket policy that required server-side encryption (SSE-KMS) but our integration was using SSE-S3. Updated the backup service to respect the customer's bucket encryption settings. First backup completed successfully. Added monitoring for backup job failures.,2024-10-05T17:11:02.038744Z,False,False,False,0.0,,claude-sonnet-4-6
TK-0462,2024-11-24T05:12:44Z,Luminos AI,Growth,Multi-language support for customer portal,"We operate in 12 countries and our customer-facing portal needs to support multiple languages. Currently everything is English-only. At minimum we need Spanish, French, German, and Japanese. Is i18n on your roadmap?",feature_request,medium,Feature request FR-2945. Internationalization is a major initiative planned for H2 2025. Spanish and French are first priorities. Added customer to the i18n advisory group for input on translation priorities. Shared API option for custom label overrides as a partial workaround.,2024-11-24T19:40:27.760307Z,False,False,False,0.0,,claude-sonnet-4-6
TK-0301,2024-10-06T13:37:24Z,Evergreen SaaS,Growth,Webhook retry logic doesn't exist,"We're using webhooks to sync Steadfast events to our internal system. When our endpoint is temporarily down, the webhook events are just lost — there's no retry logic. We missed critical updates last week during a 10-minute outage. We need automatic retries with exponential backoff.",integration,medium,Currently webhooks are fire-and-forget with no retry logic. Feature request FR-2970 logged for webhook retry with exponential backoff and dead letter queue. Workaround: use our event polling API endpoint (GET /v2/events?since=timestamp) as a fallback to catch missed webhooks. Also recommended implementing a queue on their side to buffer events.,2024-10-08T05:01:47.400200Z,False,False,False,0.0,,claude-sonnet-4-6
TK-0304,2024-10-06T23:32:19Z,BrightPath Analytics,Growth,Report generation has slowed significantly,"Our custom analytics reports used to generate in about 30 seconds. Now they're taking 5-10 minutes. We run these reports daily for our executive team. The slowdown seems to correlate with the amount of data — our dataset has grown to about 200,000 records. Need this resolved.",performance,medium,The report query was hitting a full table scan on a table that grew past the query planner's statistics threshold. Updated table statistics and added a covering index for the most common report filters. Report generation back to ~30s for standard reports.,2024-10-07T18:47:04.538718Z,False,False,False,0.0,,claude-sonnet-4-6
TK-0308,2024-10-07T00:56:26Z,Catalyst Robotics,Enterprise,Wrong amount on our latest invoice,"Our latest invoice shows $3,200 but our contract says $2,800/month. I've checked our user count and nothing has changed. This needs to be corrected before our accounts payable processes it. Can you send a revised invoice?",account,high,Reviewed invoice INV-2025-1102. Discrepancy was caused by a mid-cycle addon (advanced analytics module) added on Feb 15. Prorated charge of $400 is correct. Sent itemized breakdown. Customer confirmed the addon was authorized by their CTO.,2024-10-07T07:17:16.184908Z,False,False,False,0.0,,claude-sonnet-4-6
TK-0320,2024-10-10T04:26:25Z,NovaTech Solutions,Enterprise,Login failures continue — SSO redirect problem,Following up on our SSO issue from last month. The problem has returned — users are hitting redirect loops when logging in through SSO. This time it's affecting about half our users. We implemented your previous suggestion of clearing cookies but it's not a sustainable fix.,security,critical,"Root cause identified as a race condition in the SAML assertion validation when multiple users authenticate simultaneously. Implemented a lock mechanism on the assertion consumer service. Also added connection pooling for the SSO validation service. Issue resolved, monitoring closely.",2024-10-10T23:38:33.022360Z,True,True,False,0.88,"An SSO redirect loop causing login failures is an authentication/access issue, not a security incident; it should be categorized under authentication or technical support rather than security.",claude-sonnet-4-6
TK-0364,2024-10-23T03:56:51Z,Velvet Commerce,Growth,Webhook notifications to Slack are delayed by hours,Our Slack webhook integration is delivering notifications with a 2-4 hour delay. Events happen in Steadfast and the Slack messages don't arrive until hours later. We depend on real-time alerts for our operations team. This has been going on for about a week.,integration,high,The Zapier webhook authentication was failing due to an expired API key. Regenerated the API key and updated the Zapier trigger configuration. Webhook events to Zapier should now be processed immediately without authentication failures.,2024-10-24T07:27:22.947442Z,False,False,False,0.0,,claude-sonnet-4-6
TK-0386,2024-10-27T23:16:50Z,Ember Analytics,Starter,Slack notifications not posting to the right channel,We configured Slack notifications to post to #ops-alerts but they're going to #general instead. We've reconfigured it twice and it reverts each time. This is causing noise in our general channel and our ops team is missing critical alerts.,integration,medium,"Found a bug where the Slack channel selector was saving the channel name but not the channel ID. When Slack's API resolved the name, it was matching a different #general channel from a shared workspace. Fix: updated integration to store and use channel ID. Reconfigured correctly.",2024-10-28T10:02:55.077429Z,False,False,False,0.0,,claude-sonnet-4-6
TK-0393,2024-10-29T03:02:22Z,Radiant Energy,Growth,Page loads are incredibly slow lately,"For the past week, every page in Steadfast takes between 30-45 seconds to load. Sometimes it just spins forever and we have to refresh. It's not our internet — everything else is fast. Our whole team of 50 people is affected. This is really impacting our productivity.",bug,high,Customer's workspace was hitting a database query bottleneck due to unoptimized custom field filters. Added index on the custom_fields join table. Also enabled CDN caching for static assets on their workspace. Load times reduced from 30-45s to 2-3s.,2024-10-29T18:06:36.738874Z,False,False,False,0.0,,claude-sonnet-4-6
TK-0407,2024-11-01T06:58:02Z,Pinecrest Health,Growth,Need help understanding our billing cycle,Can you explain how our billing cycle works? We signed up mid-month and I'm confused about whether we get prorated for the first month or if we're charged for the full month.,bug,medium,Billing is prorated for the first month based on signup date. Subsequent months are full charges on the 1st. Sent detailed billing FAQ and invoice breakdown for their first month.,2024-10-30T14:58:02Z,True,True,False,0.97,"A billing question asking for an explanation of the billing cycle is clearly a billing/account inquiry, not a bug.",claude-sonnet-4-6
TK-0414,2024-11-05T11:13:29Z,Meridian SaaS Group,Growth,Export problems persist — data sync issue?,We're still having problems with data exports from Steadfast. This time the CSV export includes records that shouldn't be there — we're seeing tasks from other projects bleeding into our export. We're exporting Project Alpha but getting tasks from Project Beta too. This could be a data isolation problem.,integration,medium,The export filter was not properly scoping to the selected project when custom views were applied. The view filter and the export filter were being OR'd instead of AND'd. Fixed the query builder to properly intersect filters. Verified export isolation across all the customer's projects.,2024-11-06T21:14:38.521308Z,True,True,False,0.88,"The ticket describes a data export bug with potential data isolation issues, not an integration problem; it should be categorized as a bug or data/export issue.",claude-sonnet-4-6
TK-0469,2024-11-25T10:52:42Z,Northwind Logistics,Growth,Need help setting up Jira two-way sync,"We want to set up a two-way sync between Steadfast tasks and Jira issues. Specifically: when a task is created in Steadfast with the 'engineering' tag, it should create a Jira issue, and status changes should sync both ways. What's the best approach?",integration,medium,"Walked through the Jira integration setup: 1) Install Steadfast Jira plugin from Atlassian Marketplace, 2) Configure project mapping (Steadfast projects → Jira projects), 3) Set up field mappings and sync rules, 4) Enable bidirectional status sync. Sent detailed setup guide. Note: two-way sync requires Growth plan or higher.",2024-11-25T13:35:03.562215Z,False,False,False,0.0,,claude-sonnet-4-6
TK-0434,2024-11-12T09:16:35Z,Foxglove Logistics,Growth,Not receiving email notifications for task assignments,Our team has stopped receiving email notifications when they're assigned to tasks. Notification settings are all enabled. We've checked spam folders — nothing there. This started about a week ago. We rely heavily on email notifications since not everyone checks the app regularly.,integration,medium,The customer's email domain was being rate-limited by our email service provider (SendGrid) due to a shared IP reputation issue. Moved the customer's notifications to a dedicated IP pool. Also found that 12 email addresses had hard-bounced and were being suppressed. Cleaned the suppression list after verifying the addresses were valid.,2024-11-13T07:54:43.404091Z,True,True,False,0.9,"Missing email notifications for task assignments is a notification/email delivery issue, not an integration issue.",claude-sonnet-4-6
TK-0506,2024-12-08T15:19:15Z,NovaTech Solutions,Growth,Would be great to have recurring tasks,"We have many tasks that repeat on a weekly or monthly basis — status reports, server checks, client check-ins. Right now we manually create these each time. A recurring task feature with customizable schedules would save us significant time.",feature_request,low,"Feature request FR-2938. Recurring tasks are on the roadmap for Q3. As a workaround, shared our Zapier integration template that creates tasks on a schedule using Zapier's recurring trigger. Not ideal but functional in the interim.",2024-12-08T22:02:23.514308Z,False,False,False,0.0,,claude-sonnet-4-6
TK-0455,2024-11-22T08:18:42Z,Frostbyte Gaming,Enterprise,Potential data breach — unauthorized access detected,Our security monitoring detected successful logins from an IP address in Romania that doesn't belong to any of our employees. The account accessed appears to have downloaded several project files containing client PII. This may be a data breach and we need to contain it immediately.,security,critical,"Escalated to Tier 2 security team immediately. Actions taken: 1) Suspended the compromised account, 2) Revoked all active sessions for the workspace, 3) Enabled forced password reset for all users, 4) Provided access logs for the suspicious IP. Preliminary analysis: credentials likely obtained via phishing. Provided breach notification template and timeline for the customer's legal team.",2024-11-22T21:04:32.887582Z,False,False,False,0.0,,claude-sonnet-4-6
TK-0460,2024-11-23T04:49:03Z,Beacon Analytics,Enterprise,API returning 500 error on POST /v2/tasks,Our integration is getting consistent 500 Internal Server Error responses when calling POST /v2/tasks. The request body is valid JSON matching your API spec. Started about 2 hours ago. GET requests work fine. This is blocking our automated task creation pipeline.,bug,critical,The GET /v2/reports endpoint was returning 500 errors due to a database connection pool exhaustion issue during peak hours. Increased the connection pool size from 20 to 50 and added connection timeout handling. The reports endpoint is responding normally now.,2024-11-24T23:30:37.690528Z,False,False,False,0.0,,claude-sonnet-4-6
TK-0473,2024-11-25T17:38:50Z,BrightPath Analytics,Enterprise,Reports crashing with timeout error,"Following up on our slow reports issue. It's gotten worse — now reports are crashing completely with a 'Request Timeout' error after about 5 minutes. We can't generate any of our standard reports. This is our second time reporting this issue and it's impacting our daily operations. We need a permanent fix, not a band-aid.",bug,high,The previous index fix addressed the symptom but not the root cause. The report engine was loading entire result sets into memory. Refactored to stream results and paginate the aggregation. Also increased the gateway timeout from 300s to 600s for report endpoints. Reports now complete reliably in under 60s regardless of dataset size.,2024-11-27T14:27:54.769827Z,False,False,False,0.0,,claude-sonnet-4-6
TK-0487,2024-11-30T03:32:32Z,Skyward Freight,Enterprise,Critical integration failure disrupting our supply chain,"Our Steadfast-to-SAP integration that drives our supply chain scheduling has been failing for the past 4 hours. Every minute this is down, we're accumulating delays in manufacturing orders. We're an Enterprise customer with an SLA and this is a P1 issue for us. Need someone on this NOW.",integration,critical,P1 escalation. SAP connector was failing due to an expired OAuth token that wasn't auto-refreshing. Root cause: a certificate rotation on the customer's SAP instance invalidated the stored credentials. Helped reconfigure the OAuth flow with new certificates. Backfilled 4 hours of missed sync events. Full pipeline restored in 47 minutes. Post-incident review scheduled.,2024-12-01T23:07:30.150396Z,False,False,False,0.0,,claude-sonnet-4-6
TK-0515,2024-12-13T22:09:08Z,Foxglove Logistics,Growth,Email alerts missing again — different issue this time,"Email notifications have stopped working AGAIN. Last time you said it was a SendGrid issue and it was fixed. But now it's back and it's different — we're receiving some notifications but not others. Specifically, task assignment emails work but comment notifications and due date reminders don't come through at all.",bug,high,"The notification service had a queue processing bug where only 'high priority' events (task assignments) were being processed during high load, while 'normal priority' events (comments, reminders) were being dropped. Fixed the queue consumer to process all priority levels. Also added dead letter queue for failed notifications with retry logic.",2024-12-14T01:01:35.043341Z,False,False,False,0.0,,claude-sonnet-4-6
TK-0516,2024-12-15T04:00:39Z,Aurora Creative,Enterprise,Need to export our project data for a board meeting,"I need to export a comprehensive project status report for our board of directors meeting next Friday. Need it as a PDF with charts showing progress, timeline, and budget utilization. Is there a built-in way to do this?",account,critical,"Guided through Reports > Executive Summary template. Customized with their specific project data, added Gantt chart and budget utilization views. Exported as PDF. Also set up a recurring monthly export for future board meetings. Sent formatting guide for executive reports.",2024-12-16T17:28:15.853692Z,False,False,False,0.0,,claude-sonnet-4-6
TK-0520,2024-12-15T11:27:22Z,Primewave Telecom,Enterprise,Request for custom branding on our workspace,We'd like to add our company logo and brand colors to our Steadfast workspace. Is this possible? Just cosmetic changes — logo in the header and our brand blue (#003366) as the accent color.,feature_request,critical,Custom branding is available on Enterprise plan. Settings > Workspace > Branding. Uploaded customer's logo and configured accent color. Changes visible to all workspace users within 5 minutes.,2024-12-16T06:06:00.732755Z,True,False,True,0.95,A cosmetic branding customization request (logo and accent color) has no business-critical urgency and critical priority is clearly unwarranted.,claude-sonnet-4-6
TK-0524,2024-12-16T01:05:51Z,Aurora Creative,Growth,Need ability to bulk-assign tasks,"Currently I have to assign tasks one at a time. With 200+ tasks to reassign during our team restructure, this is extremely tedious. A bulk selection and assign feature would save us hours. Even a CSV import for assignments would work.",feature_request,low,"Feature request logged as FR-2904. Bulk operations are a priority for Q2. As a workaround, shared our API endpoint for batch task updates (POST /v2/tasks/batch) which can be used with a simple script. Sent example code.",2024-12-16T12:01:01.453758Z,False,False,False,0.0,,claude-sonnet-4-6
TK-0526,2024-12-17T08:47:39Z,Helix Biotech,Starter,Mobile push notifications arriving hours late,"Push notifications on the mobile app are arriving 3-6 hours after the actual event. I get notified about task assignments and comments way after they happened. My notification settings are correct and I have all alerts enabled. Android phone, latest app version.",bug,medium,The email notification service was backed up due to a queue processing bottleneck. Scaled up the email worker pool from 2 to 8 instances and cleared the backlog. Email notifications should now arrive within minutes of the triggering event.,2024-12-17T17:34:19.937432Z,False,False,False,0.0,,claude-sonnet-4-6
TK-0570,2025-01-04T01:31:52Z,Keystone Education,Growth,Confused by the permissions and roles setup,"I'm setting up Steadfast for our team and the permissions model is really confusing. What's the difference between roles, permission groups, and team permissions? How do they interact? I just want to make sure regular users can see their projects but can't delete anything or access admin settings.",security,low,"Explained the permission hierarchy: Roles (global access level) > Permission Groups (feature-level access) > Team Permissions (project-level). For their use case: set regular users as 'Member' role, create a 'Standard User' permission group with create/edit but no delete, and manage project visibility via team settings. Sent KB-1055 permission setup guide.",2025-01-04T20:51:30.093083Z,True,True,False,0.92,"A user asking how permissions and roles work is a 'how-to' or 'support' question, not a security incident or security configuration request warranting a 'security' category.",claude-sonnet-4-6
TK-0617,2025-01-18T22:44:25Z,Luminos AI,Enterprise,Question about the mobile app features,"A few of our team members want to use the mobile app. Before we roll it out, can you tell us what features are available on mobile vs desktop? We want to make sure they can at least view tasks, update statuses, and add comments.",account,high,"Shared mobile app feature comparison (KB-1070). Mobile supports: task viewing/editing, status updates, comments, file viewing (not upload), notifications, and basic reporting. Not available on mobile: admin settings, integration management, custom field configuration. Apps available on iOS 15+ and Android 12+.",2025-01-19T18:04:09.810608Z,False,False,False,0.0,,claude-sonnet-4-6
TK-0624,2025-01-21T19:52:18Z,Redwood Pharma,Enterprise,SSO login failing with Okta — SAML assertion error,Our users are getting a SAML assertion error when trying to log in via Okta SSO. The error message says 'Invalid SAML Response: assertion signature mismatch'. This started after we renewed our Okta certificate last week. All 200 users are affected.,integration,critical,The Azure AD SSO integration needed the certificate updated after rotation. Uploaded the new certificate in Admin > Security > SSO > Azure AD Configuration and the SAML validation is passing now. Users should be able to log in normally.,2025-01-22T04:14:16.797330Z,False,False,False,0.0,,claude-sonnet-4-6
TK-0633,2025-01-25T12:36:27Z,Pinecrest Health,Enterprise,How to configure automated task reminders,We want to set up automated reminders for tasks that are approaching their due date. Is there a way to configure this? We'd like reminders at 3 days and 1 day before the due date.,performance,low,"Automated reminders configurable in Settings > Notifications > Due Date Reminders. Options: 7d, 3d, 1d, same-day, overdue. Can set multiple. Also available per-project in project settings.",2025-01-25T02:36:27Z,True,True,False,0.97,"The ticket is about configuring notification/reminder settings, not a performance issue; it should be categorized as 'how-to' or 'configuration', not 'performance'.",claude-sonnet-4-6
TK-0648,2025-02-01T00:17:20Z,Cascade Dynamics,Growth,CSV export missing from reports page,We really need the ability to export our reports as CSV files. Right now the only option is PDF which doesn't work for our data analysis needs. We've been copying data manually into spreadsheets. It would be great if you could add a CSV export button to the reports page. Several people on our team have asked about this.,bug,medium,"Logged as feature request FR-2956. CSV export for reports is planned for Q3. As a workaround, customers can use the API endpoint GET /v2/reports/{id}/data to retrieve raw data in JSON format, which can be converted to CSV. Sent example script.",2025-02-02T08:03:53.767114Z,False,False,False,0.0,,claude-sonnet-4-6
TK-0670,2025-02-10T23:37:14Z,Zenith Marketing,Growth,Would like to connect Steadfast with Monday.com,Our partner company uses Monday.com and we need to share project status between our two platforms. Is there a way to connect Steadfast with Monday.com? I didn't see it in the integrations marketplace. We'd need at minimum a way to sync task statuses and due dates.,integration,low,Monday.com integration is not currently available. Logged as feature request FR-2963. Recommended using Zapier as a bridge — sent a template Zap that syncs task creation and status changes between Steadfast and Monday.com. Also shared our API documentation for building a custom integration.,2025-02-12T21:59:00.300745Z,False,False,False,0.0,,claude-sonnet-4-6
TK-0679,2025-02-13T01:37:39Z,Blackstone Ops,Enterprise,Updating our company address in the billing profile,"We moved offices last month and need to update the billing address on our account. New address is 500 Tech Way, Suite 300, Austin, TX 78701. Also need the address updated on future invoices.",billing,high,Updated billing address in Admin > Billing > Company Details. New address will appear on all future invoices. Previous invoices retain the old address (can generate amended versions if needed for accounting). Confirmed change with customer.,2025-02-13T19:07:07.179997Z,True,False,True,0.93,"Updating a billing address is a simple administrative change with no financial impact or urgency, making 'high' priority clearly inappropriate.",claude-sonnet-4-6
TK-0683,2025-02-13T03:32:49Z,Zenith Marketing,Growth,Data not appearing after Salesforce import,"We set up the Salesforce integration and ran an initial sync yesterday but none of the contact data has appeared in Steadfast. The integration dashboard shows the sync completed successfully but our contacts list is empty. We have about 5,000 contacts in Salesforce that should have synced.",bug,high,"The Salesforce sync completed but contacts were imported into a staging area (not the main contacts list). Customer needed to review and approve the import batch in Settings > Integrations > Salesforce > Pending Imports. Guided them through the approval process. All 5,000 contacts now visible.",2025-02-13T23:34:37.242206Z,True,True,False,0.92,"The issue was user error/misconfiguration (contacts in a pending approval queue, not a software bug), making 'bug' a clearly incorrect category; 'how-to' or 'user error' would be correct.",claude-sonnet-4-6
TK-0685,2025-02-13T17:18:47Z,Verdant Agriculture,Enterprise,Help configuring SSO with our identity provider,We just purchased Steadfast and need to set up SSO with our Okta instance before we can start rolling out to users. Our IT team has configured the Okta side but we're not sure what settings to use on the Steadfast side. Can you walk us through the SAML configuration?,security,medium,"Scheduled onboarding call for SSO setup. Provided SAML configuration details: ACS URL, Entity ID, certificate. Walked through Okta app configuration. SSO successfully tested with 3 pilot users. Sent post-setup verification checklist (KB-1045). Full rollout recommended after 1-week pilot.",2025-02-14T01:49:07.539825Z,False,False,False,0.0,,claude-sonnet-4-6
TK-0712,2025-02-18T16:09:33Z,Northwind Logistics,Enterprise,Production environment completely down,Our entire Steadfast workspace is inaccessible. All 500 users are getting 503 errors. This is our primary project management tool and we have critical deliverables due today. Our operations are at a standstill. Need immediate assistance.,performance,critical,Critical outage caused by a region-specific AWS availability zone failure affecting the customer's workspace shard. Initiated failover to secondary AZ within 8 minutes. Full service restored in 22 minutes. Sent post-incident report. Discussing multi-region deployment option for their account.,2025-02-20T03:15:36.387580Z,True,True,False,0.95,"A complete production outage affecting 500 users with 503 errors is clearly a 'bug' or 'outage' category, not a 'performance' issue.",claude-sonnet-4-6
TK-0713,2025-02-19T10:16:40Z,Northwind Logistics,Enterprise,How to customize the sidebar navigation,"I find the default sidebar layout a bit confusing. Is it possible to reorder the navigation items or hide sections we don't use? For example, we never use the 'Goals' or 'Wiki' features and they just take up space.",account,high,"Sidebar customization available in Settings > Interface > Sidebar. Can reorder, hide, and pin navigation items. Changes are per-user (each team member can customize their own). For workspace-wide defaults: Admin > Interface Defaults. Shared customization guide (KB-1085).",2025-02-21T07:50:44.756192Z,True,False,True,0.95,"A cosmetic UI customization question about sidebar navigation is low priority, not high.",claude-sonnet-4-6
TK-0715,2025-02-22T04:31:32Z,Ironpeak Systems,Enterprise,How do I change my notification preferences?,Quick question — how do I adjust which email notifications I receive? I'm getting too many alerts for things that aren't relevant to me. I looked in settings but couldn't find the notification preferences page.,account,high,"Directed to Settings > Notifications > Email Preferences. Walked through the options: can toggle notifications per project, per event type, and set quiet hours. Sent KB-1012 notification management guide.",2025-02-24T00:29:53.386392Z,True,False,True,0.95,"A routine question about adjusting notification preferences is low priority, not high.",claude-sonnet-4-6
TK-0728,2025-02-25T01:47:21Z,Horizon Tech,Enterprise,How to archive completed projects,We have about 30 completed projects cluttering our workspace. How do I archive them so they're out of the way but still accessible if we need to reference them later?,account,high,"Projects > Select project > Settings > Archive. Archived projects move to the Archive section (sidebar). Still fully searchable and accessible, just hidden from the main view. Can bulk archive: Projects > Select multiple > Actions > Archive. Sent guide on archive management (KB-1075).",2025-02-26T15:15:34.797954Z,True,False,True,0.93,"A how-to question about archiving completed projects is a low-priority informational request, not high.",claude-sonnet-4-6
TK-0736,2025-02-28T22:51:30Z,Polaris Navigation,Enterprise,App crashes on mobile when opening projects,"The Steadfast iOS app crashes immediately when I try to open any project with more than about 50 tasks. It just freezes for a second then goes back to the home screen. I'm on iPhone 15 Pro with the latest app version and iOS 18. This happens every single time, not intermittently.",performance,high,Identified a crash caused by the task list component trying to render all tasks at once instead of using lazy loading. The memory usage spike exceeded the iOS app memory limit. Fix deployed in app v2.15.1: implemented virtual scrolling for task lists and reduced initial fetch to 20 tasks with pagination. Crash rate dropped to zero in testing.,2025-03-02T14:59:25.605911Z,False,False,False,0.0,,claude-sonnet-4-6
TK-0740,2025-03-03T06:48:42Z,Palladium Ventures,Enterprise,Need information about our SLA terms,"We're doing an internal review of all our vendor SLAs and need detailed information about our current SLA with Steadfast. Specifically: uptime guarantees, response time commitments, penalty clauses for SLA breaches, and the escalation process. Can you send us the full SLA document?",account,low,"Sent the Enterprise SLA document (v2024). Key terms: 99.95% uptime guarantee, 15-min response for P1 issues, 2-hour response for P2, service credits for SLA breaches (10% credit per 0.1% below target). Also sent the escalation matrix and quarterly SLA compliance report for their account.",2025-03-05T03:57:35.164248Z,False,False,False,0.0,,claude-sonnet-4-6
TK-0741,2025-03-04T06:44:15Z,Sterling Manufacturing,Growth,Charged wrong amount after upgrading to Growth plan,"We upgraded from Starter to Growth last week and our first invoice shows $4,500 instead of the expected $3,200. We have 80 seats at $40/seat/month. The math doesn't add up. Can you explain the charge or issue a correction?",billing,high,The tax calculation was applying a 12% rate instead of the correct 8.5% for the customer's jurisdiction. Corrected the tax rate in the billing system and issued a credit of $157.50 for the overcharge. Future invoices will reflect the correct tax rate.,2025-03-05T23:38:54.761027Z,False,False,False,0.0,,claude-sonnet-4-6
TK-0763,2025-03-08T01:54:45Z,Quantum Legal,Enterprise,Looking for best practices on task naming conventions,"Our workspace is getting messy with inconsistent task names. Some people write full sentences, others use abbreviations. We want to establish naming conventions. Do you have any recommended guidelines or examples of how other companies organize this?",account,critical,"Shared our Task Naming Best Practices guide (KB-1080). Recommended format: [Action verb] + [Object] + [Context]. Examples: 'Design homepage mockup for Q2 launch', 'Fix login timeout on mobile'. Also recommended using task prefixes by type (BUG-, FEAT-, TASK-). Sent 3 customer case studies on workspace organization.",2025-03-09T00:02:43.715891Z,True,False,True,0.97,"A request for best practices on task naming conventions is a low-urgency informational question, not critical priority.",claude-sonnet-4-6
TK-0775,2028-01-01T07:17:25Z,Frostbyte Gaming,Enterprise,Need to update our SSO certificate,"Our IdP certificate is expiring next week and we need to update it in Steadfast. Last time we did this, SSO broke for a few hours. Can you guide us through the process to minimize disruption?",security,medium,"Guided through zero-downtime certificate rotation: 1) Upload new cert while keeping old active, 2) Test with admin account, 3) Mark new cert as primary, 4) Remove old cert after 24h. Process completed without any SSO disruption.",2028-01-02T13:34:17.466908Z,False,False,False,0.0,,claude-sonnet-4-6
TK-0776,2028-04-10T01:49:29Z,Cornerstone Digital,Starter,Issue with workspace permissions after migration,"After migrating our workspace to the new region, some team members lost their custom permissions. They can still access the workspace but their project-specific permissions were reset to defaults. Need to restore their access levels.",security,high,Workspace migration preserved role assignments but not project-level custom permissions. Exported the pre-migration permission snapshot and re-applied project permissions. Also filed ENG-4555 to include project permissions in future migrations.,2028-04-11T06:16:36.858967Z,False,False,False,0.0,,claude-sonnet-4-6
TK-0780,2024-09-12T14:30:00Z,Cobalt Learning,Enterprise,Workspace Blueprint not applying default channels,"We set up a Workspace Blueprint to auto-configure new department spaces with default channels (#general, #standups, #escalations) but when we create a new space from the Blueprint, the channels aren't being created. The Blueprint preview shows them correctly. We've tried recreating the Blueprint from scratch but same issue. This is blocking our Q2 department expansion.",bug,high,Confirmed bug in Blueprint channel provisioning. The channel creation step was failing silently when the creating user didn't have channel-admin permissions in the parent workspace. Fix: Blueprint execution now uses system-level permissions for channel creation. Deployed in v3.15.0. Customer's Blueprint now works correctly.,2024-09-13T09:15:00Z,False,False,False,0.0,,claude-sonnet-4-6
TK-0784,2024-10-03T10:00:00Z,Streamline HR,Growth,How do Workspace Blueprints work?,We heard about Workspace Blueprints from another Steadfast customer. Can you explain what they are and how to set one up? We want to create a standard project structure that all new teams use when they join our workspace. We're on the Growth plan — is this available to us?,onboarding,low,"Explained Workspace Blueprints: templates that define the default structure (spaces, channels, permission groups, workflow rules) applied when creating new organizational units. Available on Growth and Enterprise. Directed to Settings > Workspace > Blueprints. Sent Blueprint setup guide (KB-1095). Recommended starting with a simple Blueprint for one team structure before expanding.",2024-10-03T16:45:00Z,False,False,False,0.0,,claude-sonnet-4-6
TK-0786,2024-11-15T08:20:00Z,Ironpeak Systems,Enterprise,Pulse Check reports showing stale data,Our weekly Pulse Check reports are showing data from 2 weeks ago instead of the current week. We depend on Pulse Check for our executive standups every Monday. The timestamp on the report says it was generated Sunday at midnight (correct) but the data inside is from the previous cycle. Other reports generate fine — it's just Pulse Check.,bug,high,Pulse Check reports cache the underlying dataset query to reduce load. The cache TTL was set to 14 days instead of 7 days after a config migration. Reset TTL to 7 days for the Pulse Check report type. Manually invalidated the customer's cached report. Next week's Pulse Check will pull fresh data. Filed ENG-4601 to add cache freshness indicator to report headers.,2024-11-15T11:30:00Z,False,False,False,0.0,,claude-sonnet-4-6
TK-0788,2024-08-22T13:00:00Z,Redwood Pharma,Enterprise,Can we customize the Pulse Check metrics?,"The default Pulse Check report includes metrics like task velocity and completion rate but we'd like to add custom KPIs — specifically regulatory submission tracking and audit trail completeness. Is it possible to add custom metrics to Pulse Check, or do we need to build a separate report?",feature_request,low,"Currently Pulse Check supports only the default metric set (velocity, completion rate, overdue %, active contributors). Custom metrics are on the roadmap (FR-3001). Workaround: create a custom report with the additional KPIs and schedule it to run alongside Pulse Check. Shared our Custom Report Builder guide. Added customer to the Pulse Check customization beta list.",2024-08-23T09:00:00Z,False,False,False,0.0,,claude-sonnet-4-6
TK-0790,2024-12-05T09:30:00Z,Apex Retail Group,Growth,Smart Routing is assigning tickets to the wrong team,We enabled Smart Routing last month and initially it was working great — automatically assigning incoming tasks to the right team based on content. But over the past week it's been routing customer-facing tasks to our internal ops team and vice versa. Nothing changed in our routing rules. It's like the model got confused about which team handles what.,bug,high,Smart Routing uses a lightweight ML model trained on the customer's historical assignment patterns. The model was retrained on Dec 1 and picked up a batch of mis-routed tasks from November (when a team member was temporarily reassigned) as training data. Rolled back to the previous model version. Added a confidence threshold — assignments below 0.7 confidence go to a review queue instead of auto-routing. Smart Routing now performing correctly.,2024-12-05T14:00:00Z,False,False,False,0.0,,claude-sonnet-4-6
TK-0792,2024-07-18T11:00:00Z,Catalyst Robotics,Starter,What is Smart Routing and how do I enable it?,I saw a mention of 'Smart Routing' in your changelog but I can't find it anywhere in our workspace settings. What does it do exactly? Is it available on the Starter plan? We're a small team (10 people) and manually assigning tasks is taking up a lot of my time as the team lead.,onboarding,low,"Explained Smart Routing: AI-powered automatic task assignment based on historical patterns, team capacity, and task content analysis. Available on Growth and Enterprise plans only — not available on Starter. Recommended upgrade path if interested. For Starter plan: suggested using workflow automation rules for basic auto-assignment based on tags/labels. Sent automation guide (KB-1030).",2024-07-18T15:30:00Z,False,False,False,0.0,,claude-sonnet-4-6
TK-0794,2025-01-10T16:00:00Z,Zenith Marketing,Enterprise,Cascade permissions not flowing to sub-spaces,"We set up Cascade permissions on our main Marketing workspace so that permission changes at the top level would automatically flow down to all sub-spaces. But when I add someone to the parent workspace with Editor access, they only get Viewer access in the sub-spaces. The Cascade toggle is ON in workspace settings. Is this a bug or am I misunderstanding how Cascade works?",bug,medium,"Cascade permissions had a known edge case: if a sub-space was created BEFORE Cascade was enabled, it wouldn't retroactively apply the inheritance rules. Only sub-spaces created after enabling Cascade get proper permission flow. Workaround: disable Cascade, re-enable it, then click 'Apply to existing sub-spaces' in the confirmation dialog. This forces a retroactive sync. Filed ENG-4620 to make this automatic.",2025-01-11T10:00:00Z,False,False,False,0.0,,claude-sonnet-4-6
TK-0795,2024-10-28T14:00:00Z,Pinnacle Health,Growth,How does Cascade permission inheritance work?,"We're reorganizing our workspace hierarchy and considering enabling Cascade permissions. Before we do, can you explain exactly how it works? If I change a user's role at the workspace level, does that automatically update their role in every space, project, and channel below it? What about overrides — can a sub-space have different permissions than the parent?",onboarding,low,"Explained Cascade permissions: when enabled, role changes at any level propagate downward to all children. Key details: 1) Propagation is top-down only, 2) Sub-spaces can set explicit overrides that block inheritance for specific users, 3) Cascade respects the 'minimum access' principle — children can grant MORE but not LESS than parent level, 4) Changes propagate within 5 minutes. Sent KB-1098 Cascade Permissions deep-dive guide.",2024-10-29T09:00:00Z,False,False,False,0.0,,claude-sonnet-4-6
